1,Trent Mitcheson,tmitcheson0@biglobe.ne.jp,Non-binary
2,Caren Jakeman,cjakeman1@patch.com,Female
3,Tadeas Lowdham,tlowdham2@ocn.ne.jp,Male
4,Mellie Furzer,mfurzer3@vistaprint.com,Female
5,Camila Gradon,cgradon4@state.gov,Female
6,Morey Burchall,mburchall5@wikia.com,Male
7,Linet Schottli,lschottli6@oracle.com,Female
8,Basilius Kynson,bkynson7@wikia.com,Male
9,Dorotea Fossick,dfossick8@examiner.com,Female
10,Sheffield Ruprecht,sruprecht9@cafepress.com,Male
11,Scot Gooddy,sgooddya@cnn.com,Male
12,Fergus Ridehalgh,fridehalghb@comcast.net,Male
13,Isa Glas,iglasc@zimbio.com,Female
14,Wini Vogel,wvogeld@addtoany.com,Female
15,Gerard Von Oertzen,gvone@deviantart.com,Male
16,Diane-marie Beacom,dbeacomf@360.cn,Female
17,Justinian Snuggs,jsnuggsg@macromedia.com,Genderqueer
18,Valery Driscoll,vdriscollh@arstechnica.com,Female
19,Fitzgerald Roycroft,froycrofti@sina.com.cn,Male
20,Adelle Albutt,aalbuttj@cdbaby.com,Female
21,Caleb Arkow,carkowk@newyorker.com,Male
22,Nicolina Rospars,nrosparsl@artisteer.com,Female
23,Alexine Gonthard,agonthardm@prnewswire.com,Agender
24,Tymon Patterfield,tpatterfieldn@craigslist.org,Male
25,Roberto Papes,rpapeso@businessweek.com,Male
26,Sloan Primmer,sprimmerp@hud.gov,Male
27,Arron Banke,abankeq@google.com,Male
28,Levi Spoors,lspoorsr@wufoo.com,Male
29,Leona Castan,lcastans@51.la,Female
30,Bertrand Drinan,bdrinant@yelp.com,Male
31,Konstance De Dantesie,kdeu@ibm.com,Female
32,Chilton Skates,cskatesv@youtu.be,Male
33,Tiffanie Gyenes,tgyenesw@hhs.gov,Female
34,Chelsae Robic,crobicx@issuu.com,Female
35,Selina Ethelston,sethelstony@senate.gov,Agender
36,Carmelita Boddice,cboddicez@shutterfly.com,Female
37,Kipp Patching,kpatching10@example.com,Female
38,Brigit Bartzen,bbartzen11@phoca.cz,Female
39,Frans Ogilvie,fogilvie12@acquirethisname.com,Male
40,Lusa Paolicchi,lpaolicchi13@answers.com,Female
41,Cleavland Shurlock,cshurlock14@chron.com,Male
42,Thurston Detloff,tdetloff15@marketwatch.com,Non-binary
43,Kenneth Erat,kerat16@adobe.com,Male
44,Carlene Auckland,cauckland17@w3.org,Female
45,Toma McKelvie,tmckelvie18@jimdo.com,Female
46,Aleksandr Rudsdell,arudsdell19@github.io,Male
47,Cesare Wimlett,cwimlett1a@cbslocal.com,Male
48,Griswold Frankum,gfrankum1b@xinhuanet.com,Male
49,Codee Gasken,cgasken1c@mail.ru,Female
50,Abbe Gavriel,agavriel1d@canalblog.com,Female
51,Kore Skamell,kskamell1e@topsy.com,Female
52,Carlyn Wakeling,cwakeling1f@fotki.com,Female
53,Xerxes Alenov,xalenov1g@xing.com,Male
54,Salem Alelsandrowicz,salelsandrowicz1h@macromedia.com,Male
55,Pren Glenn,pglenn1i@upenn.edu,Male
56,Mari Earl,mearl1j@google.cn,Female
57,Marilyn Cancellor,mcancellor1k@sbwire.com,Female
58,Lura Carlyle,lcarlyle1l@goodreads.com,Female
59,Obie Larroway,olarroway1m@wikimedia.org,Male
60,Lindsey Swait,lswait1n@soup.io,Male
61,Kayley Gaitskell,kgaitskell1o@vkontakte.ru,Female
62,Allis Milby,amilby1p@thetimes.co.uk,Female
63,Agnesse Yushankin,ayushankin1q@time.com,Female
64,Stacey Godfree,sgodfree1r@yellowpages.com,Female
65,Rustin Drakard,rdrakard1s@feedburner.com,Male
66,Christye Alans,calans1t@wikipedia.org,Female
67,Vivie Cameli,vcameli1u@mediafire.com,Female
68,Austen Adamthwaite,aadamthwaite1v@auda.org.au,Male
69,Bebe Adlington,badlington1w@alibaba.com,Female
70,Rolland Farrent,rfarrent1x@wunderground.com,Polygender
71,Albertina Bloxham,abloxham1y@about.com,Female
72,Julianne Capineer,jcapineer1z@discuz.net,Female
73,Tally Jovey,tjovey20@scribd.com,Female
74,Kellia Sproson,ksproson21@theglobeandmail.com,Female
75,Morgan De Malchar,mde22@a8.net,Female
76,Ebony Banford,ebanford23@google.com.hk,Female
77,Jarrid Harwin,jharwin24@blogspot.com,Bigender
78,Lynnea Rosell,lrosell25@timesonline.co.uk,Female
79,Eldon Chavrin,echavrin26@hexun.com,Male
80,Farrah Edmans,fedmans27@linkedin.com,Female
81,Gaynor Michele,gmichele28@upenn.edu,Bigender
82,Sybila Montilla,smontilla29@ow.ly,Female
83,Ree Pharoah,rpharoah2a@macromedia.com,Female
84,Abbot Mikalski,amikalski2b@webmd.com,Male
85,Alika Letten,aletten2c@arizona.edu,Agender
86,Jabez Bricksey,jbricksey2d@netvibes.com,Male
87,Veda Stoneham,vstoneham2e@tuttocitta.it,Female
88,Lavina Lukash,llukash2f@macromedia.com,Female
89,Bernarr Blore,bblore2g@lulu.com,Male
90,Harald Kenzie,hkenzie2h@wikimedia.org,Male
91,Mufi Joseland,mjoseland2i@mac.com,Female
92,Mareah Isenor,misenor2j@stanford.edu,Female
93,Lazar Vannet,lvannet2k@gnu.org,Male
94,Dixie Lucian,dlucian2l@salon.com,Female
95,Eugenia Dampier,edampier2m@lulu.com,Female
96,Guy Mc Corley,gmc2n@microsoft.com,Male
97,Meggie Viner,mviner2o@gravatar.com,Female
98,Marjie Acomb,macomb2p@chicagotribune.com,Female
99,Bennie Halkyard,bhalkyard2q@sbwire.com,Male
100,Marita Entwisle,mentwisle2r@alibaba.com,Female
101,Annis Lilburn,alilburn2s@eepurl.com,Female
102,Ileana Hoggins,ihoggins2t@tripadvisor.com,Female
103,Valentijn Dyka,vdyka2u@npr.org,Agender
104,Griffy Woolrich,gwoolrich2v@simplemachines.org,Male
105,Mordecai Rundle,mrundle2w@umich.edu,Agender
106,Siward Birkmyre,sbirkmyre2x@smh.com.au,Agender
107,Gabbie Virgo,gvirgo2y@imgur.com,Female
108,Ceciley Danielli,cdanielli2z@google.cn,Female
109,Davine Corry,dcorry30@theatlantic.com,Female
110,Elisha Eglinton,eeglinton31@weather.com,Male
111,Donnie De Vere,dde32@tinyurl.com,Male
112,Welch Geane,wgeane33@networksolutions.com,Male
113,Wainwright Zelley,wzelley34@diigo.com,Male
114,Georgette Hatherell,ghatherell35@1688.com,Female
115,Ricki Marquand,rmarquand36@google.ru,Female
116,Gay Inkster,ginkster37@samsung.com,Male
117,Michaela Laverack,mlaverack38@digg.com,Female
118,Brodie Corneck,bcorneck39@yolasite.com,Male
119,Benny Arnley,barnley3a@nba.com,Male
120,Tadeo Abrahamowitcz,tabrahamowitcz3b@1688.com,Male
121,Oswell Carstairs,ocarstairs3c@barnesandnoble.com,Male
122,Clarabelle Witterick,cwitterick3d@patch.com,Female
123,Nichols Bending,nbending3e@google.de,Genderqueer
124,Kelsey Hubeaux,khubeaux3f@chronoengine.com,Male
125,Kara-lynn Eakins,keakins3g@behance.net,Female
126,Cross Lark,clark3h@nps.gov,Male
127,Coraline Illsley,cillsley3i@cyberchimps.com,Female
128,Rolland Paget,rpaget3j@discuz.net,Male
129,Spence Stang-Gjertsen,sstanggjertsen3k@bbb.org,Male
130,Simone Atter,satter3l@cnbc.com,Female
131,Teddy Moroney,tmoroney3m@eepurl.com,Male
132,Vyky Ethridge,vethridge3n@constantcontact.com,Female
133,Ethelind Blasli,eblasli3o@squidoo.com,Female
134,Bartolemo O'Hartigan,bohartigan3p@illinois.edu,Male
135,Caspar Giacaponi,cgiacaponi3q@constantcontact.com,Male
136,Tod Grigolon,tgrigolon3r@bandcamp.com,Male
137,Melli Hairon,mhairon3s@cloudflare.com,Bigender
138,Jared Eddy,jeddy3t@w3.org,Male
139,Felipa Consterdine,fconsterdine3u@google.ca,Female
140,Lyle Chastney,lchastney3v@ask.com,Male
141,Duffy Danit,ddanit3w@ifeng.com,Male
142,Merle Ible,mible3x@google.com.au,Male
143,Humfried Sheard,hsheard3y@cornell.edu,Male
144,Griffith Lindenberg,glindenberg3z@nih.gov,Male
145,Rand Lakes,rlakes40@ftc.gov,Male
146,Marten Merrall,mmerrall41@yellowpages.com,Male
147,Mallissa Fessier,mfessier42@amazon.com,Female
148,Kelsi Butcher,kbutcher43@com.com,Female
149,Domenic Painter,dpainter44@squidoo.com,Male
150,Adda Birrell,abirrell45@amazon.co.jp,Female
151,Loni Borrott,lborrott46@sourceforge.net,Female
152,Trina Tremellan,ttremellan47@twitter.com,Female
153,Harrison Lindeboom,hlindeboom48@oracle.com,Male
154,Felizio Dilliway,fdilliway49@home.pl,Male
155,Patricio Silvester,psilvester4a@unblog.fr,Male
156,Catie Ridd,cridd4b@usatoday.com,Female
157,Neely Stammler,nstammler4c@cyberchimps.com,Female
158,Maggee Belcham,mbelcham4d@ihg.com,Female
159,Delly Deny,ddeny4e@sogou.com,Female
160,Laney Wearne,lwearne4f@domainmarket.com,Female
161,Zollie Malloy,zmalloy4g@furl.net,Male
162,Elsworth Shelley,eshelley4h@1688.com,Male
163,Barty Berends,bberends4i@google.fr,Bigender
164,Chevy Hubber,chubber4j@xing.com,Male
165,Cecelia Hirtz,chirtz4k@cornell.edu,Female
166,Parker Favell,pfavell4l@paginegialle.it,Male
167,Elianore Evreux,eevreux4m@vkontakte.ru,Polygender
168,Caresse Ravillas,cravillas4n@people.com.cn,Bigender
169,Joannes Whinray,jwhinray4o@mapquest.com,Female
170,Shem Jencken,sjencken4p@google.cn,Male
171,Cobbie Choldcroft,ccholdcroft4q@symantec.com,Non-binary
172,Karel Spillett,kspillett4r@cpanel.net,Female
173,Sampson Menezes,smenezes4s@usgs.gov,Male
174,Gene Oliveti,goliveti4t@hugedomains.com,Male
175,Khalil Iacomini,kiacomini4u@moonfruit.com,Male
176,Meg Grishakin,mgrishakin4v@altervista.org,Female
177,Ignacio Nower,inower4w@constantcontact.com,Male
178,Axel O'Cannan,aocannan4x@surveymonkey.com,Male
179,Birch Sparrow,bsparrow4y@theguardian.com,Male
180,Rhiamon Dun,rdun4z@yellowpages.com,Female
181,Saxe Chaddock,schaddock50@nba.com,Male
182,Dalton Ruffell,druffell51@yolasite.com,Male
183,Felix Hentze,fhentze52@squidoo.com,Male
184,Rudie Vuittet,rvuittet53@cpanel.net,Male
185,Harley Soggee,hsoggee54@addtoany.com,Male
186,Wileen McCadden,wmccadden55@irs.gov,Agender
187,Erie Wathall,ewathall56@fema.gov,Male
188,Oswell Gottschalk,ogottschalk57@ucla.edu,Male
189,Patrizius Trippack,ptrippack58@skype.com,Male
190,Zolly Wedderburn,zwedderburn59@rakuten.co.jp,Male
191,Harv Ebbitt,hebbitt5a@wp.com,Male
192,Kirstyn Valdes,kvaldes5b@imgur.com,Female
193,Blanch Verner,bverner5c@economist.com,Female
194,Pepillo Palfrey,ppalfrey5d@nydailynews.com,Male
195,Mort Orrell,morrell5e@hud.gov,Male
196,Scarlet Faldoe,sfaldoe5f@cafepress.com,Female
197,Scottie Klasing,sklasing5g@aboutads.info,Male
198,Ambrosio Jobke,ajobke5h@facebook.com,Male
199,Amerigo Spours,aspours5i@newsvine.com,Male
200,Arlyn Gough,agough5j@slashdot.org,Female
201,Alyssa Recke,arecke5k@springer.com,Female
202,Adrianne Strickland,astrickland5l@wunderground.com,Female
203,Baillie Thickens,bthickens5m@google.ca,Male
204,Nikola Staniford,nstaniford5n@mlb.com,Male
205,Elise Rubi,erubi5o@naver.com,Female
206,Dominique Oak,doak5p@buzzfeed.com,Male
207,Reinold Cuff,rcuff5q@myspace.com,Polygender
208,Rollo Meckiff,rmeckiff5r@unc.edu,Male
209,Eddi Crich,ecrich5s@google.com,Female
210,Ruth Baudins,rbaudins5t@vistaprint.com,Polygender
211,Darius Elbourne,delbourne5u@merriam-webster.com,Male
212,Adler Badland,abadland5v@hud.gov,Male
213,Florian Blaszczyk,fblaszczyk5w@oaic.gov.au,Male
214,Saba Dongall,sdongall5x@alibaba.com,Female
215,Erick Rankcom,erankcom5y@europa.eu,Male
216,Aleta Thickens,athickens5z@icq.com,Female
217,Ashleigh Orange,aorange60@webs.com,Female
218,Maria Carillo,mcarillo61@un.org,Female
219,Eric Tewkesbury,etewkesbury62@cdbaby.com,Male
220,Geno Whitters,gwhitters63@hao123.com,Male
221,Eberto Bradtke,ebradtke64@webeden.co.uk,Male
222,Tiena Evert,tevert65@desdev.cn,Female
223,Patti Tesoe,ptesoe66@theguardian.com,Female
224,Ferdinand Kach,fkach67@java.com,Male
225,Renard Snodin,rsnodin68@walmart.com,Male
226,Lazarus Scolts,lscolts69@gizmodo.com,Male
227,Xerxes De Simoni,xde6a@statcounter.com,Male
228,Tabatha Le Gallo,tle6b@cafepress.com,Female
229,Effie Wilcott,ewilcott6c@princeton.edu,Female
230,Jocko Grigoliis,jgrigoliis6d@liveinternet.ru,Male
231,Buck Lidgertwood,blidgertwood6e@biglobe.ne.jp,Male
232,Peterus De Ferrari,pde6f@ezinearticles.com,Male
233,Linet Coomer,lcoomer6g@hhs.gov,Female
234,Eldridge Laurentino,elaurentino6h@edublogs.org,Male
235,Joyann Wearden,jwearden6i@angelfire.com,Female
236,Baldwin Graeber,bgraeber6j@marketwatch.com,Non-binary
237,Gallagher Grocock,ggrocock6k@elpais.com,Male
238,Edin Blackall,eblackall6l@huffingtonpost.com,Female
239,Emlynne Simonel,esimonel6m@weebly.com,Non-binary
240,Nathaniel Livingstone,nlivingstone6n@storify.com,Male
241,Elia Dufaur,edufaur6o@netlog.com,Male
242,Errol Mourton,emourton6p@uol.com.br,Genderqueer
243,Aleece Mingard,amingard6q@posterous.com,Female
244,Gunner Dahle,gdahle6r@is.gd,Male
245,Gus Strutz,gstrutz6s@berkeley.edu,Male
246,Sadye Ayrs,sayrs6t@amazon.com,Female
247,Reinaldo Slocket,rslocket6u@mtv.com,Male
248,Noella Pimerick,npimerick6v@tripod.com,Female
249,Rockey Rishbrook,rrishbrook6w@usda.gov,Agender
250,Alfie Revely,arevely6x@ucoz.com,Male
251,Humphrey Alltimes,halltimes6y@sfgate.com,Male
252,Ailey Iacivelli,aiacivelli6z@clickbank.net,Female
253,Baxy Schermick,bschermick70@sciencedaily.com,Male
254,Des Kingsmill,dkingsmill71@google.it,Male
255,Tova Littleton,tlittleton72@independent.co.uk,Female
256,Perrine McPeice,pmcpeice73@weebly.com,Genderqueer
257,Marrilee Valsler,mvalsler74@weather.com,Female
258,Cristina Click,cclick75@cdbaby.com,Female
259,Feodor Biford,fbiford76@vistaprint.com,Male
260,Dag Brownsett,dbrownsett77@google.es,Male
261,Zonnya Harron,zharron78@psu.edu,Female
262,Jamima Desvignes,jdesvignes79@mapquest.com,Female
263,Judie Timblett,jtimblett7a@wikispaces.com,Female
264,Emmalynn Pilch,epilch7b@pcworld.com,Female
265,Kirstyn Mion,kmion7c@reddit.com,Female
266,Pia Dillestone,pdillestone7d@berkeley.edu,Female
267,Adrian Hadigate,ahadigate7e@eepurl.com,Male
268,Martie Checchetelli,mchecchetelli7f@wordpress.com,Male
269,Laurens Aylmore,laylmore7g@newsvine.com,Male
270,Coral Peterken,cpeterken7h@pinterest.com,Female
271,Nedi Fierro,nfierro7i@wiley.com,Female
272,Clayson Ciementini,cciementini7j@guardian.co.uk,Male
273,Ludovika McGuckin,lmcguckin7k@merriam-webster.com,Female
274,Jaquenette Simmings,jsimmings7l@china.com.cn,Female
275,Dewie Crow,dcrow7m@wisc.edu,Male
276,Barnett Newlove,bnewlove7n@wisc.edu,Male
277,Fernande Baud,fbaud7o@dot.gov,Female
278,Gino Lantuff,glantuff7p@wikimedia.org,Male
279,Ring Mingasson,rmingasson7q@berkeley.edu,Polygender
280,Ilyssa Fawkes,ifawkes7r@cdc.gov,Female
281,Lucie Muck,lmuck7s@army.mil,Female
282,Kristina Balke,kbalke7t@netvibes.com,Female
283,Abe Loosley,aloosley7u@zdnet.com,Male
284,Teena Backes,tbackes7v@goo.ne.jp,Female
285,Cherrita Letherbury,cletherbury7w@cornell.edu,Female
286,Leif Daingerfield,ldaingerfield7x@fda.gov,Male
287,Audrye Jersch,ajersch7y@craigslist.org,Female
288,Pier Hitscher,phitscher7z@weibo.com,Female
289,Venus Hatrick,vhatrick80@statcounter.com,Female
290,Valentina Grew,vgrew81@hud.gov,Female
291,Sutton Rosa,srosa82@chicagotribune.com,Male
292,Aila Appleford,aappleford83@jigsy.com,Female
293,Aube Lyddyard,alyddyard84@w3.org,Non-binary
294,Yvon Cursey,ycursey85@go.com,Male
295,Oona Axby,oaxby86@privacy.gov.au,Female
296,Vilhelmina Rowth,vrowth87@ihg.com,Female
297,Merilyn Carvell,mcarvell88@freewebs.com,Female
298,Dukey Spalding,dspalding89@e-recht24.de,Male
299,Rosanne Francois,rfrancois8a@quantcast.com,Female
300,Domenic Soigoux,dsoigoux8b@yale.edu,Male
301,Urson De Avenell,ude8c@census.gov,Male
302,Cobb Welfair,cwelfair8d@google.co.jp,Male
303,Schuyler Algy,salgy8e@diigo.com,Agender
304,Virgilio Popple,vpopple8f@washingtonpost.com,Male
305,Lamont Cottie,lcottie8g@seattletimes.com,Male
306,Bobbee Delatour,bdelatour8h@yelp.com,Polygender
307,Nancey Fearnley,nfearnley8i@timesonline.co.uk,Female
308,Johann Schutt,jschutt8j@oracle.com,Agender
309,Markus Ingyon,mingyon8k@squarespace.com,Male
310,Darrelle Shute,dshute8l@uol.com.br,Female
311,Lauree Gatcliff,lgatcliff8m@usa.gov,Female
312,Barbabas Harriss,bharriss8n@discovery.com,Male
313,Chrysa Farlane,cfarlane8o@columbia.edu,Female
314,Brendis Ragot,bragot8p@indiatimes.com,Male
315,Gweneth Sleeford,gsleeford8q@squidoo.com,Female
316,Dave Quartley,dquartley8r@issuu.com,Male
317,Anson McAlpine,amcalpine8s@uiuc.edu,Male
318,Auguste Shotton,ashotton8t@reverbnation.com,Female
319,Mitch Mazin,mmazin8u@ed.gov,Male
320,Lynsey Hellmore,lhellmore8v@businesswire.com,Female
321,Haven Molyneux,hmolyneux8w@nationalgeographic.com,Male
322,Larina Glew,lglew8x@dropbox.com,Female
323,Marcille Malpass,mmalpass8y@mlb.com,Female
324,Giacomo Reiglar,greiglar8z@arstechnica.com,Male
325,Karla Maciaszek,kmaciaszek90@imgur.com,Female
326,Orton Gawith,ogawith91@mapy.cz,Male
327,Xylia Waple,xwaple92@va.gov,Female
328,Sybyl Furneaux,sfurneaux93@networkadvertising.org,Female
329,Christan Rushsorth,crushsorth94@wufoo.com,Female
330,Alisander Harrington,aharrington95@booking.com,Male
331,Lea Bees,lbees96@forbes.com,Genderfluid
332,Sammie Bourdel,sbourdel97@altervista.org,Male
333,Chery Kemmish,ckemmish98@census.gov,Female
334,Demetris Mouth,dmouth99@360.cn,Male
335,Angel Salmoni,asalmoni9a@feedburner.com,Female
336,Philippa Ferri,pferri9b@yolasite.com,Female
337,Hillary Barkley,hbarkley9c@quantcast.com,Male
338,Danielle D'orsay,ddorsay9d@google.nl,Female
339,Bunnie Prime,bprime9e@senate.gov,Female
340,Daile Moscone,dmoscone9f@phpbb.com,Female
341,Armando Cubuzzi,acubuzzi9g@dyndns.org,Male
342,Paulina Brighty,pbrighty9h@goodreads.com,Female
343,Rafaellle Vella,rvella9i@techcrunch.com,Male
344,Gayle Batham,gbatham9j@addtoany.com,Female
345,Bern Sellors,bsellors9k@pbs.org,Genderqueer
346,Sky Bryce,sbryce9l@blog.com,Male
347,Winifred Sapey,wsapey9m@mapy.cz,Female
348,Ludovico Twidale,ltwidale9n@who.int,Male
349,Wang Hinckes,whinckes9o@scribd.com,Male
350,Sergent Foddy,sfoddy9p@themeforest.net,Male
351,Faina Ramsell,framsell9q@addtoany.com,Female
352,Kat Bardwall,kbardwall9r@toplist.cz,Female
353,Lynelle Winscomb,lwinscomb9s@livejournal.com,Genderfluid
354,Magdalene Piggens,mpiggens9t@csmonitor.com,Female
355,Jesse Mallord,jmallord9u@geocities.jp,Female
356,Ardath Thirlwall,athirlwall9v@ifeng.com,Female
357,Nance Diperaus,ndiperaus9w@hostgator.com,Female
358,Gregorio Duferie,gduferie9x@delicious.com,Bigender
359,Kakalina Goatman,kgoatman9y@baidu.com,Non-binary
360,Becky Deviney,bdeviney9z@discuz.net,Female
361,Stacie Gildea,sgildeaa0@pbs.org,Female
362,Rog Forrester,rforrestera1@csmonitor.com,Male
363,Allister Trewhela,atrewhelaa2@hud.gov,Male
364,Dode Gallatly,dgallatlya3@google.cn,Female
365,Erina Cheese,echeesea4@cam.ac.uk,Female
366,Ingaborg Andree,iandreea5@ibm.com,Female
367,Fredrika Linke,flinkea6@gmpg.org,Polygender
368,Miguel Chilver,mchilvera7@dot.gov,Male
369,Abigail Schoroder,aschorodera8@samsung.com,Polygender
370,Ettore Hassard,ehassarda9@devhub.com,Male
371,Brendan Batty,bbattyaa@msn.com,Agender
372,Adam Madgett,amadgettab@paypal.com,Male
373,Gray McNirlan,gmcnirlanac@wikipedia.org,Male
374,Maddi Swadlinge,mswadlingead@nps.gov,Female
375,Wolfgang Gambie,wgambieae@abc.net.au,Male
376,Rogers Jedraszczyk,rjedraszczykaf@wsj.com,Male
377,Briano Dukes,bdukesag@ow.ly,Male
378,Lilah Bagshaw,lbagshawah@google.ru,Female
379,Rosella Gauch,rgauchai@cdbaby.com,Female
380,Desdemona Norvill,dnorvillaj@discovery.com,Female
381,Fanchon Yearsley,fyearsleyak@moonfruit.com,Female
382,Bren Pennycuick,bpennycuickal@addtoany.com,Female
383,Guthry Trematick,gtrematickam@whitehouse.gov,Male
384,West McDoual,wmcdoualan@alibaba.com,Male
385,Charis Dorsett,cdorsettao@smugmug.com,Female
386,Guss Shrimpton,gshrimptonap@prnewswire.com,Polygender
387,Annadiana Rustadge,arustadgeaq@cyberchimps.com,Female
388,Lars Firman,lfirmanar@webnode.com,Male
389,Jerrold Alsop,jalsopas@ft.com,Male
390,Falkner Butterfill,fbutterfillat@bandcamp.com,Male
391,Harlin De Biasio,hdeau@facebook.com,Male
392,Deva McAlarney,dmcalarneyav@wiley.com,Female
393,Paige La Croce,plaaw@dailymotion.com,Female
394,Parker Figgures,pfigguresax@kickstarter.com,Male
395,Amalita Gosnell,agosnellay@unblog.fr,Female
396,Brigit Harteley,bharteleyaz@printfriendly.com,Female
397,Wendeline Motto,wmottob0@bloglines.com,Polygender
398,Tessi Trebbett,ttrebbettb1@vistaprint.com,Female
399,Amelia Rubega,arubegab2@github.io,Agender
400,Miguel Mityushin,mmityushinb3@unesco.org,Male
401,Sophronia Tunnow,stunnowb4@toplist.cz,Polygender
402,Sasha Clamp,sclampb5@youku.com,Female
403,Jan Eady,jeadyb6@ucla.edu,Male
404,Yance Fydo,yfydob7@boston.com,Male
405,Inessa Biagi,ibiagib8@ning.com,Female
406,Flora Hartburn,fhartburnb9@irs.gov,Female
407,Frannie Kuhne,fkuhneba@shop-pro.jp,Genderqueer
408,Thornie Gammell,tgammellbb@sourceforge.net,Male
409,Traci Gerty,tgertybc@t-online.de,Bigender
410,Diego Lodewick,dlodewickbd@alexa.com,Male
411,Kore Runge,krungebe@com.com,Female
412,Ilka Aland,ialandbf@japanpost.jp,Female
413,Fania Yonge,fyongebg@netlog.com,Female
414,Ame Dobrowski,adobrowskibh@blog.com,Female
415,Brendin Buglass,bbuglassbi@tuttocitta.it,Bigender
416,Hurleigh Gavigan,hgaviganbj@ucsd.edu,Male
417,Osbourn Stoeck,ostoeckbk@sciencedirect.com,Male
418,Alexei Yearnsley,ayearnsleybl@blogger.com,Male
419,Jerrylee Carless,jcarlessbm@barnesandnoble.com,Agender
420,Holly Spinetti,hspinettibn@nps.gov,Male
421,Barny Cholerton,bcholertonbo@un.org,Agender
422,Gerhardine MacIlwrick,gmacilwrickbp@joomla.org,Female
423,Boycey Bentz,bbentzbq@goodreads.com,Male
424,Jenica Westoff,jwestoffbr@businessinsider.com,Female
425,Donella Shutle,dshutlebs@webeden.co.uk,Genderqueer
426,Letizia Pattrick,lpattrickbt@cdc.gov,Female
427,Normand Moret,nmoretbu@prlog.org,Male
428,Elicia Saggs,esaggsbv@dion.ne.jp,Female
429,Pedro Durbyn,pdurbynbw@biglobe.ne.jp,Male
430,Dareen Pabelik,dpabelikbx@discovery.com,Female
431,Pepillo Skylett,pskylettby@sciencedaily.com,Male
432,Henrietta Cape,hcapebz@last.fm,Female
433,Claiborne Dolby,cdolbyc0@canalblog.com,Male
434,Roldan Dennis,rdennisc1@tripod.com,Male
435,Sari Duchesne,sduchesnec2@simplemachines.org,Female
436,Casey Conaboy,cconaboyc3@bigcartel.com,Male
437,Trudie Sneller,tsnellerc4@biblegateway.com,Female
438,Ailey Johantges,ajohantgesc5@vimeo.com,Genderqueer
439,Chickie Matias,cmatiasc6@newsvine.com,Female
440,Crystie Broz,cbrozc7@howstuffworks.com,Female
441,Berky Fetherston,bfetherstonc8@bizjournals.com,Male
442,Maure Larkcum,mlarkcumc9@miibeian.gov.cn,Female
443,Celie Twinn,ctwinnca@elpais.com,Female
444,Roxine Guidini,rguidinicb@loc.gov,Female
445,Haslett Dormer,hdormercc@msn.com,Male
446,Tessi Ciepluch,tciepluchcd@ox.ac.uk,Female
447,Sabra Joice,sjoicece@ucla.edu,Female
448,Nicholle Aldin,naldincf@umn.edu,Female
449,Merna Langsbury,mlangsburycg@tripadvisor.com,Female
450,Kenton Heliot,kheliotch@ifeng.com,Male
451,Waylin Kynforth,wkynforthci@boston.com,Male
452,Gena Skipperbottom,gskipperbottomcj@japanpost.jp,Female
453,Chen Kennan,ckennanck@weather.com,Male
454,Joaquin Ganing,jganingcl@tumblr.com,Male
455,Randie McGillecole,rmcgillecolecm@answers.com,Male
456,Darrell Pershouse,dpershousecn@businesswire.com,Male
457,Cam Rapps,crappsco@squidoo.com,Male
458,Gan Ambrogi,gambrogicp@godaddy.com,Male
459,Dulcinea Simmig,dsimmigcq@soundcloud.com,Female
460,Galvin Fellon,gfelloncr@dmoz.org,Male
461,Wilhelmine Faircloth,wfairclothcs@squarespace.com,Female
462,Darnell Bonanno,dbonannoct@deliciousdays.com,Male
463,Jessi Selland,jsellandcu@census.gov,Female
464,Maddalena Murrish,mmurrishcv@tripod.com,Female
465,Urbano Prater,upratercw@tumblr.com,Male
466,Melisent Tomczykiewicz,mtomczykiewiczcx@blog.com,Female
467,Cthrine Dearlove,cdearlovecy@time.com,Female
468,Jamesy Semiraz,jsemirazcz@wikimedia.org,Male
469,Benedict Brister,bbristerd0@wikispaces.com,Male
470,Rebekkah Blodgett,rblodgettd1@biblegateway.com,Female
471,Casey Kedward,ckedwardd2@paypal.com,Female
472,Wynny Mathiasen,wmathiasend3@example.com,Female
473,Chelsea Dominick,cdominickd4@storify.com,Female
474,Dorothee Barthrop,dbarthropd5@miitbeian.gov.cn,Female
475,Nilson Gabbitis,ngabbitisd6@army.mil,Male
476,Aldridge Hagart,ahagartd7@artisteer.com,Male
477,Talia Gregr,tgregrd8@eventbrite.com,Polygender
478,Bonny Brolly,bbrollyd9@bloglovin.com,Female
479,Delbert Ahren,dahrenda@un.org,Polygender
480,Teresina Cadwell,tcadwelldb@mac.com,Agender
481,Sharona Reubel,sreubeldc@ezinearticles.com,Female
482,Josselyn Hauch,jhauchdd@nyu.edu,Female
483,Darn de Keep,ddede@harvard.edu,Male
484,Ulrich Pitkin,upitkindf@mtv.com,Polygender
485,Clay Spybey,cspybeydg@w3.org,Male
486,Jenica Schuler,jschulerdh@liveinternet.ru,Female
487,Minnnie Dewick,mdewickdi@merriam-webster.com,Female
488,Karola Wardel,kwardeldj@a8.net,Female
489,Hanan Twidell,htwidelldk@oaic.gov.au,Male
490,Dag Crace,dcracedl@quantcast.com,Non-binary
491,Bridgette Mackriell,bmackrielldm@tuttocitta.it,Female
492,Massimiliano Windas,mwindasdn@jigsy.com,Male
493,Claudia Allan,callando@ezinearticles.com,Female
494,Willette Beranek,wberanekdp@xinhuanet.com,Female
495,Idalia Gladwish,igladwishdq@umich.edu,Female
496,Freda Hallowes,fhallowesdr@google.ru,Female
497,Bonita Beatens,bbeatensds@economist.com,Female
498,Fifine Sachno,fsachnodt@ifeng.com,Female
499,Nat Brunel,nbruneldu@blogtalkradio.com,Female
500,Dur Wort,dwortdv@diigo.com,Male
501,Kara-lynn Picott,kpicottdw@whitehouse.gov,Female
502,Derwin Tire,dtiredx@ustream.tv,Male
503,Selia Kitteman,skittemandy@myspace.com,Agender
504,Evelin Klimentyonok,eklimentyonokdz@goodreads.com,Male
505,Haskell Spellsworth,hspellsworthe0@topsy.com,Male
506,Arlana Stamps,astampse1@freewebs.com,Female
507,Nyssa Loveless,nlovelesse2@unicef.org,Female
508,Delmer Bikker,dbikkere3@hibu.com,Male
509,Daveta Cornew,dcornewe4@boston.com,Female
510,Gleda Varndall,gvarndalle5@theglobeandmail.com,Female
511,Bernadette Gingel,bgingele6@gizmodo.com,Female
512,Abbie Klaesson,aklaessone7@spiegel.de,Female
513,Casper Johnigan,cjohnigane8@un.org,Male
514,Patrizius Seage,pseagee9@admin.ch,Male
515,Ker le Keux,kleea@icq.com,Male
516,Liz Doodney,ldoodneyeb@ustream.tv,Female
517,Martita Pitson,mpitsonec@wordpress.org,Female
518,Jackquelin Mattiessen,jmattiessened@smugmug.com,Female
519,Inigo Stickens,istickensee@reverbnation.com,Male
520,Mathias Duffit,mduffitef@yellowpages.com,Male
521,Frannie Channing,fchanningeg@google.com.hk,Male
522,Walt Yushkov,wyushkoveh@nasa.gov,Male
523,Katey Bjorkan,kbjorkanei@loc.gov,Non-binary
524,Stesha Piotrowski,spiotrowskiej@geocities.com,Female
525,Jamey Macvain,jmacvainek@dion.ne.jp,Male
526,Chic Ensor,censorel@artisteer.com,Male
527,Erastus Cunniffe,ecunniffeem@latimes.com,Male
528,Garvey Kenwright,gkenwrighten@gravatar.com,Male
529,Maryl Pumphreys,mpumphreyseo@sitemeter.com,Female
530,Allister Raoux,araouxep@salon.com,Male
531,Antoine Bisatt,abisatteq@hibu.com,Male
532,Livy Pomeroy,lpomeroyer@economist.com,Female
533,Brocky Buye,bbuyees@163.com,Male
534,Jan Rounsefell,jrounsefellet@goo.ne.jp,Female
535,Brett Rothschild,brothschildeu@va.gov,Male
536,Sarena Gunningham,sgunninghamev@home.pl,Female
537,Evania Lanigan,elaniganew@unesco.org,Female
538,Andre Gumbrell,agumbrellex@slashdot.org,Male
539,Tiphany Elfleet,telfleetey@google.pl,Female
540,Henry Collier,hcollierez@unc.edu,Polygender
541,Clo Riglesford,criglesfordf0@guardian.co.uk,Female
542,Chrysa Messum,cmessumf1@jalbum.net,Female
543,Irma Barniss,ibarnissf2@blogtalkradio.com,Female
544,Vale Maccrae,vmaccraef3@shareasale.com,Male
545,Agnes Tunsley,atunsleyf4@cam.ac.uk,Female
546,Ernesto Laxtonne,elaxtonnef5@huffingtonpost.com,Agender
547,Giovanni Beeck,gbeeckf6@github.com,Male
548,Erich Laybourn,elaybournf7@harvard.edu,Male
549,Kacy Hartland,khartlandf8@google.com.br,Female
550,Hansiain Gencke,hgenckef9@google.com,Male
551,Lon Orritt,lorrittfa@so-net.ne.jp,Male
552,Welch Kimbly,wkimblyfb@msn.com,Male
553,Goran Skelington,gskelingtonfc@sakura.ne.jp,Male
554,Augy Addington,aaddingtonfd@amazon.co.uk,Male
555,Tobye Shearwood,tshearwoodfe@sina.com.cn,Female
556,Godwin Houston,ghoustonff@smugmug.com,Male
557,Waylon Yosselevitch,wyosselevitchfg@is.gd,Male
558,Eunice Filintsev,efilintsevfh@de.vu,Female
559,Hulda Pavlishchev,hpavlishchevfi@berkeley.edu,Female
560,Dilan Dragoe,ddragoefj@irs.gov,Male
561,Nikki Tisun,ntisunfk@boston.com,Male
562,Aleda O'Heneghan,aoheneghanfl@ovh.net,Female
563,Lezley Tatersale,ltatersalefm@telegraph.co.uk,Male
564,Augie Kitcherside,akitchersidefn@pcworld.com,Male
565,Benjamin Handover,bhandoverfo@bluehost.com,Male
566,Allina Crawley,acrawleyfp@ifeng.com,Female
567,Sherlocke Blacklock,sblacklockfq@weebly.com,Male
568,Nevins Lowell,nlowellfr@cocolog-nifty.com,Male
569,Connie Walrond,cwalrondfs@ebay.co.uk,Female
570,Toma Recher,trecherft@ameblo.jp,Genderfluid
571,Currie Simchenko,csimchenkofu@gnu.org,Male
572,Teddie Vasilik,tvasilikfv@nytimes.com,Female
573,Toby Spur,tspurfw@indiatimes.com,Male
574,Bailey Ducker,bduckerfx@globo.com,Male
575,Esta Trembley,etrembleyfy@booking.com,Female
576,Isak Rodenburg,irodenburgfz@mozilla.org,Male
577,Jehanna Matton,jmattong0@google.it,Genderfluid
578,Vasilis Bartleman,vbartlemang1@lulu.com,Male
579,Amalee Feitosa,afeitosag2@auda.org.au,Non-binary
580,Hester Timcke,htimckeg3@google.nl,Polygender
581,Cullan Scrigmour,cscrigmourg4@google.es,Male
582,Felic Eastope,feastopeg5@utexas.edu,Male
583,Arri Howle,ahowleg6@topsy.com,Male
584,Welsh Ewart,wewartg7@unblog.fr,Male
585,Michelina Headington,mheadingtong8@printfriendly.com,Female
586,Deina Foulgham,dfoulghamg9@comsenz.com,Female
587,Marcello Neilly,mneillyga@bloglovin.com,Male
588,Reamonn Riddiough,rriddioughgb@tripod.com,Male
589,Fifine Dyers,fdyersgc@tripadvisor.com,Female
590,Alyce Darch,adarchgd@google.ru,Female
591,Thedric Knatt,tknattge@cbc.ca,Male
592,Kelly Howgego,khowgegogf@google.de,Male
593,Stacy Videler,svidelergg@nymag.com,Male
594,Tarrah Frissell,tfrissellgh@columbia.edu,Genderqueer
595,Frederik Lehenmann,flehenmanngi@upenn.edu,Male
596,Othelia Rappa,orappagj@mlb.com,Female
597,Arman Simo,asimogk@wikia.com,Male
598,Rhoda Fasham,rfashamgl@umich.edu,Genderqueer
599,Tiff Pask,tpaskgm@mapy.cz,Female
600,Mattias Gammet,mgammetgn@cafepress.com,Male
601,Abner Peeke,apeekego@bloglines.com,Male
602,Kristi Ramsden,kramsdengp@barnesandnoble.com,Genderfluid
603,Rutger Dencs,rdencsgq@miibeian.gov.cn,Male
604,Jermaine Tilt,jtiltgr@hhs.gov,Female
605,Prentice Lyons,plyonsgs@princeton.edu,Male
606,Onfre Horribine,ohorribinegt@mayoclinic.com,Male
607,Renate Sommersett,rsommersettgu@techcrunch.com,Female
608,Manon Cobain,mcobaingv@zimbio.com,Female
609,Leicester Nisot,lnisotgw@nasa.gov,Male
610,Francois Delmage,fdelmagegx@tripod.com,Bigender
611,Marlyn Pasterfield,mpasterfieldgy@cyberchimps.com,Female
612,Cate Sprey,cspreygz@bloglines.com,Female
613,Birgitta Henderson,bhendersonh0@wordpress.org,Genderfluid
614,Wilow Guidera,wguiderah1@live.com,Female
615,Willabella Eads,weadsh2@yellowpages.com,Female
616,Isis Oldale,ioldaleh3@friendfeed.com,Female
617,Sella Gardener,sgardenerh4@paypal.com,Female
618,Domenico Biaggiotti,dbiaggiottih5@answers.com,Male
619,Noelle Matthius,nmatthiush6@usatoday.com,Female
620,Shandy Riccione,sriccioneh7@forbes.com,Female
621,Dorie Morson,dmorsonh8@craigslist.org,Bigender
622,Bent Aykroyd,baykroydh9@nature.com,Male
623,Rosalynd Adair,radairha@dmoz.org,Female
624,Noami Fiske,nfiskehb@exblog.jp,Female
625,Gregorius Jarrad,gjarradhc@issuu.com,Male
626,Korry Chifney,kchifneyhd@usa.gov,Female
627,Binni Christofe,bchristofehe@addtoany.com,Bigender
628,Gorden Waleran,gwaleranhf@skyrock.com,Male
629,Bill Jaulmes,bjaulmeshg@bizjournals.com,Genderqueer
630,Gamaliel Mahaffey,gmahaffeyhh@yellowpages.com,Male
631,Florenza Bleasdille,fbleasdillehi@wordpress.com,Female
632,Vaughan Rann,vrannhj@ca.gov,Male
633,Leslie Armytage,larmytagehk@mediafire.com,Female
634,Corissa MacQuarrie,cmacquarriehl@bluehost.com,Female
635,Bail Childerley,bchilderleyhm@baidu.com,Male
636,Matilde Grosier,mgrosierhn@goo.ne.jp,Female
637,Rafaelia Olsen,rolsenho@noaa.gov,Female
638,Ibby Oldfield-Cherry,ioldfieldcherryhp@squidoo.com,Female
639,Giulia Pretsel,gpretselhq@loc.gov,Female
640,Amalia Vercruysse,avercruyssehr@reference.com,Female
641,Velma Brislawn,vbrislawnhs@wordpress.com,Female
642,Shandie Clementet,sclementetht@buzzfeed.com,Female
643,Gal Castledine,gcastledinehu@latimes.com,Male
644,Giusto Franciskiewicz,gfranciskiewiczhv@edublogs.org,Polygender
645,Kathryne Ewbanke,kewbankehw@mac.com,Female
646,Michele Skurray,mskurrayhx@ezinearticles.com,Female
647,Colby Poundsford,cpoundsfordhy@hp.com,Male
648,Ailee Wholesworth,awholesworthhz@ovh.net,Female
649,Valentia Popescu,vpopescui0@ning.com,Female
650,Gerrard Got,ggoti1@soup.io,Male
651,Prinz Rossey,prosseyi2@toplist.cz,Male
652,Sileas Lambregts,slambregtsi3@theglobeandmail.com,Female
653,Terri Coneybeer,tconeybeeri4@smugmug.com,Female
654,Tyson Arunowicz,tarunowiczi5@trellian.com,Male
655,Willa Sanchez,wsanchezi6@webeden.co.uk,Female
656,Iorgos Pocke,ipockei7@buzzfeed.com,Agender
657,Raff Jeannaud,rjeannaudi8@skyrock.com,Agender
658,Rupert Cato,rcatoi9@amazon.co.uk,Male
659,Amye Schulkins,aschulkinsia@github.com,Female
660,Brenn Andell,bandellib@miibeian.gov.cn,Genderfluid
661,Cornela Barnfield,cbarnfieldic@behance.net,Female
662,Herschel Megany,hmeganyid@ucla.edu,Genderqueer
663,Hewet Chalke,hchalkeie@pen.io,Male
664,Modesta Reach,mreachif@bloglines.com,Female
665,Kennedy Havesides,khavesidesig@skyrock.com,Male
666,Annmaria Harron,aharronih@friendfeed.com,Female
667,Charita Hendrickx,chendrickxii@ibm.com,Female
668,Inigo Salerg,isalergij@vk.com,Male
669,Rudd Warsop,rwarsopik@arizona.edu,Male
670,Georgianna Dunnaway,gdunnawayil@fotki.com,Female
671,Rosalie Gillison,rgillisonim@auda.org.au,Female
672,Nomi Bramont,nbramontin@youku.com,Female
673,Rickert Rawlins,rrawlinsio@senate.gov,Male
674,Freddy Twycross,ftwycrossip@mozilla.org,Male
675,Ceciley Minkin,cminkiniq@canalblog.com,Polygender
676,Horst McTurk,hmcturkir@amazon.com,Male
677,Evvie Ollive,eolliveis@apache.org,Female
678,Thadeus Aireton,tairetonit@yolasite.com,Male
679,Max Jaggard,mjaggardiu@reference.com,Female
680,Gilbertine Prando,gprandoiv@yahoo.co.jp,Female
681,Teodoor Duchesne,tduchesneiw@toplist.cz,Male
682,Addy Amori,aamoriix@wunderground.com,Male
683,Jocelyne Jacks,jjacksiy@constantcontact.com,Non-binary
684,Cristiano Corse,ccorseiz@flavors.me,Agender
685,Kikelia Le Brom,klej0@wp.com,Female
686,Troy Stobbes,tstobbesj1@mail.ru,Male
687,Sapphira Stansbury,sstansburyj2@oracle.com,Female
688,Giuseppe Ivanets,givanetsj3@google.it,Male
689,Lexi Comins,lcominsj4@squarespace.com,Female
690,Idalina Rosebotham,irosebothamj5@cyberchimps.com,Genderqueer
691,Leeann Joppich,ljoppichj6@walmart.com,Female
692,Melisenda Lamprecht,mlamprechtj7@cornell.edu,Female
693,Cass Wych,cwychj8@europa.eu,Female
694,Colly Furnell,cfurnellj9@comcast.net,Female
695,Deva Yansons,dyansonsja@foxnews.com,Female
696,Cam Vonderdell,cvonderdelljb@scribd.com,Male
697,Brandyn Cormode,bcormodejc@paginegialle.it,Male
698,Lyndel Kintish,lkintishjd@nature.com,Agender
699,Jackie Mayger,jmaygerje@newyorker.com,Male
700,Riobard Spinola,rspinolajf@cyberchimps.com,Male
701,Yanaton Calderbank,ycalderbankjg@ameblo.jp,Male
702,Eleonore Shekle,esheklejh@bbc.co.uk,Female
703,Kerry Crombie,kcrombieji@ifeng.com,Male
704,Andras Flowerden,aflowerdenjj@about.com,Male
705,Ray Danilchik,rdanilchikjk@1und1.de,Female
706,Rivkah Showler,rshowlerjl@ifeng.com,Female
707,Jeanette Gaddes,jgaddesjm@utexas.edu,Female
708,Ericka Cranmere,ecranmerejn@technorati.com,Polygender
709,Lexine Betteson,lbettesonjo@wiley.com,Female
710,Bjorn Blachford,bblachfordjp@behance.net,Male
711,Alistair Stallworth,astallworthjq@cdbaby.com,Male
712,Hamlen Whitefoot,hwhitefootjr@google.com.br,Male
713,Sollie Alyutin,salyutinjs@msn.com,Male
714,Vanda Grasha,vgrashajt@tmall.com,Female
715,Tamera Founds,tfoundsju@home.pl,Female
716,Killie Muirden,kmuirdenjv@qq.com,Male
717,Merl Petrecz,mpetreczjw@addtoany.com,Female
718,Kayla Randle,krandlejx@sun.com,Female
719,Bayard Sivier,bsivierjy@meetup.com,Male
720,Feliks Paskerful,fpaskerfuljz@addtoany.com,Male
721,Graeme De Pero,gdek0@blinklist.com,Male
722,Rana Crallan,rcrallank1@webs.com,Female
723,Shelden Klimowski,sklimowskik2@bloomberg.com,Male
724,Stearn Dossantos,sdossantosk3@cloudflare.com,Male
725,Wynn Berg,wbergk4@liveinternet.ru,Male
726,Hi Thowes,hthowesk5@twitter.com,Male
727,Burton Glassford,bglassfordk6@vistaprint.com,Genderfluid
728,Quillan Fallawe,qfallawek7@clickbank.net,Male
729,Taylor Loalday,tloaldayk8@blogtalkradio.com,Bigender
730,Rochella Errichelli,rerrichellik9@amazon.com,Female
731,Katrinka Cicullo,kciculloka@xrea.com,Female
732,Claiborne Shoreson,cshoresonkb@de.vu,Male
733,Lauralee Harce,lharcekc@eventbrite.com,Female
734,Den Lewins,dlewinskd@dropbox.com,Male
735,Camilla Nation,cnationke@flickr.com,Female
736,Florrie Marxsen,fmarxsenkf@ucsd.edu,Female
737,Weber Durbridge,wdurbridgekg@cyberchimps.com,Male
738,Nichol Antoniades,nantoniadeskh@webs.com,Female
739,Bevan Matei,bmateiki@twitter.com,Male
740,Borden Kellard,bkellardkj@utexas.edu,Male
741,Cornela Gonsalo,cgonsalokk@51.la,Female
742,Chloe Wankling,cwanklingkl@mashable.com,Female
743,Jessamyn Jones,jjoneskm@elegantthemes.com,Female
744,Boot Gaddas,bgaddaskn@ted.com,Male
745,Thaddeus Hillam,thillamko@usatoday.com,Male
746,Mamie McGivena,mmcgivenakp@forbes.com,Agender
747,Illa Weller,iwellerkq@unicef.org,Female
748,Charleen Collyear,ccollyearkr@blog.com,Female
749,Bettine Bispham,bbisphamks@woothemes.com,Female
750,Katinka Dury,kdurykt@phpbb.com,Female
751,Lianna Iacomo,liacomoku@twitpic.com,Female
752,Delores Rimer,drimerkv@skyrock.com,Female
753,Jessa Elbourn,jelbournkw@psu.edu,Female
754,Jefferey Groom,jgroomkx@soup.io,Male
755,Cindi Mc Meekin,cmcky@accuweather.com,Female
756,Erastus Symers,esymerskz@google.com.hk,Male
757,Frieda Routledge,froutledgel0@cdc.gov,Polygender
758,Kellby Van der Kruis,kvanl1@booking.com,Male
759,Joceline Wraight,jwraightl2@cnbc.com,Female
760,Norby Dedmam,ndedmaml3@disqus.com,Male
761,Finlay Kerin,fkerinl4@printfriendly.com,Male
762,Carmel Audas,caudasl5@berkeley.edu,Female
763,Lela Woodyer,lwoodyerl6@ucsd.edu,Female
764,Saundra Steddall,ssteddalll7@printfriendly.com,Female
765,Jackquelin Burkart,jburkartl8@zdnet.com,Female
766,Alverta Ferrero,aferrerol9@addtoany.com,Female
767,Maurice Juggins,mjugginsla@ehow.com,Male
768,Nanine Birkenshaw,nbirkenshawlb@sfgate.com,Female
769,Kaitlyn Walthall,kwalthalllc@sina.com.cn,Female
770,Margaretha Skilton,mskiltonld@upenn.edu,Female
771,Hanson Scorer,hscorerle@nymag.com,Male
772,Batholomew MacKaig,bmackaiglf@istockphoto.com,Male
773,Junette Venard,jvenardlg@simplemachines.org,Female
774,Griswold Pallatina,gpallatinalh@si.edu,Male
775,Zitella Dewar,zdewarli@nsw.gov.au,Female
776,Alfy Walcar,awalcarlj@toplist.cz,Female
777,Jephthah Jumeau,jjumeaulk@odnoklassniki.ru,Male
778,Billy Vasyutkin,bvasyutkinll@360.cn,Female
779,Angelica Maneylaws,amaneylawslm@vinaora.com,Female
780,Davide Bruni,dbruniln@gravatar.com,Genderqueer
781,Giffy Von Gladbach,gvonlo@theglobeandmail.com,Male
782,Sherry Danieli,sdanielilp@blogs.com,Female
783,Marcile Sandercroft,msandercroftlq@yelp.com,Female
784,Fifine Sherrett,fsherrettlr@ibm.com,Female
785,Josselyn Josephs,jjosephsls@elegantthemes.com,Female
786,Osbourne McDermot,omcdermotlt@army.mil,Male
787,Nicolis Wrist,nwristlu@illinois.edu,Male
788,Giacobo Abramovic,gabramoviclv@altervista.org,Male
789,Farlie Cockayme,fcockaymelw@spiegel.de,Male
790,Gayler Chieco,gchiecolx@xrea.com,Male
791,Herc Williamson,hwilliamsonly@si.edu,Male
792,Barclay Kewish,bkewishlz@google.pl,Male
793,Stuart Aglione,saglionem0@spotify.com,Male
794,Colby Mc Elory,cmcm1@a8.net,Male
795,Ash Snuggs,asnuggsm2@exblog.jp,Male
796,Jonathan Buick,jbuickm3@sitemeter.com,Male
797,Avigdor Rowdell,arowdellm4@mysql.com,Male
798,Jeanie Trenbay,jtrenbaym5@ameblo.jp,Bigender
799,Nertie Durgan,ndurganm6@yellowpages.com,Genderfluid
800,Lily Kareman,lkaremanm7@columbia.edu,Female
801,Amie Stanyland,astanylandm8@google.es,Agender
802,Alexis Bernardotti,abernardottim9@facebook.com,Female
803,Lyndsie Lago,llagoma@google.com.au,Female
804,Robinett Vaugham,rvaughammb@google.ca,Female
805,Claus Clouston,ccloustonmc@shareasale.com,Male
806,Marlene Egglestone,megglestonemd@virginia.edu,Female
807,Lindsey Snugg,lsnuggme@topsy.com,Male
808,Illa Digwood,idigwoodmf@epa.gov,Female
809,Gibb Sandars,gsandarsmg@craigslist.org,Male
810,Fredelia Cunniffe,fcunniffemh@icio.us,Female
811,Leontine Condell,lcondellmi@g.co,Female
812,Farra Scathard,fscathardmj@wikispaces.com,Female
813,Rowena Bowers,rbowersmk@springer.com,Female
814,Darius Willacot,dwillacotml@bbb.org,Male
815,Ogdan Brummitt,obrummittmm@cafepress.com,Male
816,Constantia Dodridge,cdodridgemn@reddit.com,Female
817,Mead O'Mailey,momaileymo@feedburner.com,Male
818,Marcella Sherry,msherrymp@dmoz.org,Female
819,Celeste Egdal,cegdalmq@cafepress.com,Female
820,Meghann Ivanuschka,mivanuschkamr@free.fr,Female
821,Alphard Gibbin,agibbinms@pen.io,Male
822,Pavla Impy,pimpymt@google.ru,Female
823,Conny Woolaston,cwoolastonmu@woothemes.com,Male
824,Gael Stirtle,gstirtlemv@google.cn,Bigender
825,Marv Kaysor,mkaysormw@comsenz.com,Male
826,Frazier Purkess,fpurkessmx@cnet.com,Male
827,Ladonna Lawrenz,llawrenzmy@prweb.com,Female
828,Roxine Jeeves,rjeevesmz@trellian.com,Female
829,Allard Sawood,asawoodn0@skype.com,Male
830,Merry Mackerness,mmackernessn1@facebook.com,Female
831,Hillary Iveson,hivesonn2@unc.edu,Male
832,Sullivan McRoberts,smcrobertsn3@aol.com,Male
833,Fidole Lilion,flilionn4@msu.edu,Male
834,Joane Hewins,jhewinsn5@geocities.com,Female
835,Selena Laxe,slaxen6@free.fr,Female
836,Prudi Woodland,pwoodlandn7@sogou.com,Female
837,Nanine Leile,nleilen8@csmonitor.com,Female
838,Beatrix Meineken,bmeinekenn9@google.com.hk,Female
839,Blondy Howat,bhowatna@php.net,Female
840,Clive Sidnall,csidnallnb@printfriendly.com,Genderfluid
841,Benjamin Oels,boelsnc@shutterfly.com,Male
842,Karoly Andrzejczak,kandrzejczaknd@ask.com,Male
843,Annabelle Charity,acharityne@sohu.com,Female
844,Stephen Barsham,sbarshamnf@example.com,Male
845,Murray Kinig,mkinigng@posterous.com,Male
846,Malissia Exer,mexernh@census.gov,Female
847,Gilly Kopfen,gkopfenni@biglobe.ne.jp,Female
848,Kessia Beagles,kbeaglesnj@cloudflare.com,Female
849,Jonie Besnard,jbesnardnk@accuweather.com,Female
850,Juana Baly,jbalynl@nps.gov,Female
851,Caspar Barok,cbaroknm@joomla.org,Male
852,Toby Cavaney,tcavaneynn@latimes.com,Male
853,Dorolice Dumbar,ddumbarno@harvard.edu,Female
854,Kessiah Swett,kswettnp@aol.com,Female
855,Holt Dougan,hdougannq@weather.com,Male
856,Homerus Twatt,htwattnr@marketwatch.com,Male
857,Roma Commins,rcomminsns@columbia.edu,Male
858,Arthur Consterdine,aconsterdinent@biblegateway.com,Male
859,Donelle Lunn,dlunnnu@howstuffworks.com,Female
860,Devi Bondesen,dbondesennv@1688.com,Female
861,Clare Franca,cfrancanw@amazon.co.uk,Male
862,Lucien Paszek,lpaszeknx@xinhuanet.com,Male
863,Di Fuxman,dfuxmanny@arizona.edu,Female
864,Hyacinth Willmot,hwillmotnz@huffingtonpost.com,Female
865,Augustin Vallentin,avallentino0@ox.ac.uk,Male
866,Yvor Regan,yregano1@who.int,Male
867,Aridatha Skellon,askellono2@webeden.co.uk,Female
868,Wolfgang Wetherby,wwetherbyo3@tinyurl.com,Male
869,Robinett Beardsdale,rbeardsdaleo4@mayoclinic.com,Female
870,Angeli Fairnie,afairnieo5@miibeian.gov.cn,Male
871,Maurine Bortoli,mbortolio6@un.org,Female
872,Violette Bolton,vboltono7@google.es,Female
873,Greta Ellsbury,gellsburyo8@i2i.jp,Female
874,Davidson Seeney,dseeneyo9@sina.com.cn,Male
875,Sena Butson,sbutsonoa@weather.com,Female
876,Nikolas Hitzmann,nhitzmannob@netscape.com,Male
877,Luca Matyugin,lmatyuginoc@purevolume.com,Male
878,Tallie Bramstom,tbramstomod@irs.gov,Male
879,Lucille Spilsbury,lspilsburyoe@nih.gov,Female
880,Juliana O'Scanlan,joscanlanof@statcounter.com,Female
881,Dinnie Wythill,dwythillog@businessinsider.com,Genderqueer
882,Murial Humbatch,mhumbatchoh@forbes.com,Female
883,Elsey Crosher,ecrosheroi@nyu.edu,Female
884,Felicio Desport,fdesportoj@baidu.com,Male
885,Charil Drennan,cdrennanok@pinterest.com,Non-binary
886,Tye Dewitt,tdewittol@github.com,Male
887,Reagen Gonet,rgonetom@so-net.ne.jp,Male
888,Cull Hartford,chartfordon@eepurl.com,Male
889,Leonelle Derks,lderksoo@usda.gov,Female
890,Lorenza Lynett,llynettop@tinypic.com,Female
891,Ebonee Claibourn,eclaibournoq@unc.edu,Female
892,Cheryl Dugan,cduganor@archive.org,Female
893,Elwin Parsons,eparsonsos@techcrunch.com,Male
894,De witt Matchett,dwittot@dagondesign.com,Male
895,Fern Ferrari,fferrariou@chicagotribune.com,Female
896,Raymond Crumb,rcrumbov@accuweather.com,Male
897,Sib Murty,smurtyow@prlog.org,Female
898,Neville Blazeby,nblazebyox@phpbb.com,Male
899,Leslie Dumphrey,ldumphreyoy@ebay.com,Female
900,Jonathon Aries,jariesoz@disqus.com,Male
901,Akim MacCrossan,amaccrossanp0@harvard.edu,Male
902,Myles Beaby,mbeabyp1@seattletimes.com,Male
903,Forrester Struthers,fstruthersp2@harvard.edu,Male
904,Page Philippsohn,pphilippsohnp3@phoca.cz,Male
905,Bran Parncutt,bparncuttp4@telegraph.co.uk,Male
906,Rockey Tocque,rtocquep5@e-recht24.de,Male
907,Dulcia Morl,dmorlp6@arizona.edu,Female
908,Ester Guenther,eguentherp7@ask.com,Female
909,Shepherd McKeurton,smckeurtonp8@theatlantic.com,Polygender
910,Nataline Rabjohn,nrabjohnp9@rambler.ru,Female
911,Bobbee Stirrup,bstirruppa@mac.com,Female
912,Morry Yeiles,myeilespb@yellowpages.com,Polygender
913,Annissa Quarlis,aquarlispc@instagram.com,Female
914,Sayers Dominichetti,sdominichettipd@reference.com,Male
915,Grove Cuttin,gcuttinpe@noaa.gov,Male
916,Derrek Linfield,dlinfieldpf@newyorker.com,Male
917,Josephine Fullalove,jfullalovepg@merriam-webster.com,Female
918,Rheta Sambeck,rsambeckph@smh.com.au,Female
919,Nettie Maypole,nmaypolepi@goodreads.com,Female
920,Tomasine Scinelli,tscinellipj@w3.org,Female
921,Liesa Dyson,ldysonpk@seesaa.net,Female
922,Lonnie Conisbee,lconisbeepl@drupal.org,Male
923,Tonnie Ramm,trammpm@mtv.com,Male
924,Clarke Cornbell,ccornbellpn@google.ca,Male
925,Bunnie Tothacot,btothacotpo@gizmodo.com,Female
926,Mureil Skeeles,mskeelespp@free.fr,Female
927,Zachery Carnilian,zcarnilianpq@joomla.org,Male
928,Peder Rosingdall,prosingdallpr@samsung.com,Male
929,Daniella Storrah,dstorrahps@reuters.com,Female
930,Lou Gerrens,lgerrenspt@spiegel.de,Male
931,Ashbey Ivchenko,aivchenkopu@google.cn,Polygender
932,Lin Havvock,lhavvockpv@4shared.com,Female
933,Rebeca Vogeler,rvogelerpw@chron.com,Female
934,Zeke Leechman,zleechmanpx@thetimes.co.uk,Male
935,Claude Olenov,colenovpy@indiegogo.com,Agender
936,Geno Laterza,glaterzapz@pcworld.com,Male
937,Malorie Semor,msemorq0@cmu.edu,Bigender
938,Rebecca Welsby,rwelsbyq1@yelp.com,Female
939,Vincenz Hatje,vhatjeq2@sakura.ne.jp,Male
940,Leroi Stenners,lstennersq3@myspace.com,Male
941,Philippa Como,pcomoq4@jimdo.com,Female
942,Yvor Leedal,yleedalq5@chronoengine.com,Male
943,Morlee Solleme,msollemeq6@loc.gov,Male
944,Lyndsie Domelow,ldomelowq7@youtube.com,Female
945,Shelley Iacovides,siacovidesq8@hatena.ne.jp,Male
946,Elsworth Cauley,ecauleyq9@harvard.edu,Genderfluid
947,Willy Gavan,wgavanqa@toplist.cz,Male
948,Lanni Langstrath,llangstrathqb@desdev.cn,Female
949,Chan Cooling,ccoolingqc@tamu.edu,Male
950,Jany Cottrell,jcottrellqd@soundcloud.com,Female
951,Cyndie Janiszewski,cjaniszewskiqe@technorati.com,Female
952,Godard Brolan,gbrolanqf@techcrunch.com,Male
953,Kurt Kinnon,kkinnonqg@netscape.com,Male
954,Ynez End,yendqh@bravesites.com,Female
955,Raffaello Spinke,rspinkeqi@imgur.com,Male
956,Forrester Swinbourne,fswinbourneqj@biglobe.ne.jp,Male
957,Cass Conisbee,cconisbeeqk@ustream.tv,Male
958,Crosby Chainey,cchaineyql@nature.com,Male
959,Deirdre Arnau,darnauqm@washingtonpost.com,Female
960,Dylan Grimsell,dgrimsellqn@youku.com,Male
961,Shelley Ashingden,sashingdenqo@ebay.com,Female
962,Batsheva Aronin,baroninqp@cam.ac.uk,Female
963,Josephina Lidell,jlidellqq@multiply.com,Female
964,Karia Leveret,kleveretqr@uiuc.edu,Female
965,Jasper Iacovucci,jiacovucciqs@cam.ac.uk,Male
966,Rosemary Symones,rsymonesqt@dailymotion.com,Female
967,Any Dunbabin,adunbabinqu@qq.com,Male
968,Marmaduke Lerner,mlernerqv@ask.com,Male
969,Emera Ruggiero,eruggieroqw@princeton.edu,Female
970,Murdoch Guitel,mguitelqx@washingtonpost.com,Male
971,Mischa Jorden,mjordenqy@unesco.org,Male
972,Sumner Le Prevost,sleqz@instagram.com,Male
973,Hoyt Paddon,hpaddonr0@slate.com,Male
974,Janaye Billes,jbillesr1@printfriendly.com,Female
975,Teddie Lembcke,tlembcker2@tripod.com,Female
976,Hayes Lesly,hleslyr3@squarespace.com,Male
977,Adriano Sainsbury-Brown,asainsburybrownr4@globo.com,Male
978,Conni Geard,cgeardr5@tuttocitta.it,Female
979,Emylee Truder,etruderr6@omniture.com,Female
980,Gene Caren,gcarenr7@goodreads.com,Female
981,Morse Frankton,mfranktonr8@alexa.com,Male
982,Jeff Darkott,jdarkottr9@goo.ne.jp,Male
983,Casar Pietraszek,cpietraszekra@hibu.com,Bigender
984,Kerr Belly,kbellyrb@java.com,Male
985,Geoffrey Jendas,gjendasrc@cnbc.com,Male
986,Derby McConville,dmcconvillerd@nih.gov,Male
987,Guillemette Lazarus,glazarusre@digg.com,Female
988,Caren Cleever,ccleeverrf@cbsnews.com,Female
989,Carey Dominguez,cdominguezrg@opensource.org,Male
990,Ulises Fawkes,ufawkesrh@intel.com,Male
991,Lilyan Kinsella,lkinsellari@yahoo.com,Female
992,Beatrisa Jex,bjexrj@chronoengine.com,Female
993,Kitti Braferton,kbrafertonrk@google.co.uk,Female
994,Lombard Tight,ltightrl@yahoo.com,Bigender
995,Norrie Gasson,ngassonrm@xrea.com,Male
996,Chick Dresse,cdressern@creativecommons.org,Male
997,Wilbert Sanzio,wsanzioro@odnoklassniki.ru,Genderqueer
998,Barnett Anstead,bansteadrp@house.gov,Male
999,Nate Hampton,nhamptonrq@fastcompany.com,Male
1000,Starr Clell,sclellrr@chicagotribune.com,Agender
