Arron Banke - abankeq@google.com
Mari Earl - mearl1j@google.cn
Ebony Banford - ebanford23@google.com.hk
Ceciley Danielli - cdanielli2z@google.cn
Ricki Marquand - rmarquand36@google.ru
Nichols Bending - nbending3e@google.de
Felipa Consterdine - fconsterdine3u@google.ca
Merle Ible - mible3x@google.com.au
Barty Berends - bberends4i@google.fr
Shem Jencken - sjencken4p@google.cn
Baillie Thickens - bthickens5m@google.ca
Eddi Crich - ecrich5s@google.com
Des Kingsmill - dkingsmill71@google.it
Dag Brownsett - dbrownsett77@google.es
Cobb Welfair - cwelfair8d@google.co.jp
Danielle D'orsay - ddorsay9d@google.nl
Dode Gallatly - dgallatlya3@google.cn
Lilah Bagshaw - lbagshawah@google.ru
Freda Hallowes - fhallowesdr@google.ru
Frannie Channing - fchanningeg@google.com.hk
Tiphany Elfleet - telfleetey@google.pl
Kacy Hartland - khartlandf8@google.com.br
Hansiain Gencke - hgenckef9@google.com
Jehanna Matton - jmattong0@google.it
Hester Timcke - htimckeg3@google.nl
Cullan Scrigmour - cscrigmourg4@google.es
Alyce Darch - adarchgd@google.ru
Kelly Howgego - khowgegogf@google.de
Giuseppe Ivanets - givanetsj3@google.it
Hamlen Whitefoot - hwhitefootjr@google.com.br
Erastus Symers - esymerskz@google.com.hk
Barclay Kewish - bkewishlz@google.pl
Amie Stanyland - astanylandm8@google.es
Lyndsie Lago - llagoma@google.com.au
Robinett Vaugham - rvaughammb@google.ca
Pavla Impy - pimpymt@google.ru
Gael Stirtle - gstirtlemv@google.cn
Beatrix Meineken - bmeinekenn9@google.com.hk
Violette Bolton - vboltono7@google.es
Clarke Cornbell - ccornbellpn@google.ca
Ashbey Ivchenko - aivchenkopu@google.cn
Kitti Braferton - kbrafertonrk@google.co.uk
